{
  "version": 1,
  "author": "x_name41",
  "editor": "wokwi",
  "parts": [
    {
      "type": "board-esp32-c6-devkitc-1",
      "id": "esp",
      "top": 107.82,
      "left": -58.19,
      "rotate": 90,
      "attrs": {}
    },
    { "type": "wokwi-lcd1602", "id": "lcd1", "top": -111.77, "left": -108.8, "attrs": {} }
  ],
  "connections": [
    [ "esp:TX", "$serialMonitor:RX", "", [] ],
    [ "esp:RX", "$serialMonitor:TX", "", [] ],
    [ "lcd1:RS", "esp:3", "green", [ "v67.2", "h0.3" ] ],
    [ "lcd1:E", "esp:2", "green", [ "v19.2", "h-9.6" ] ],
    [ "lcd1:D0", "esp:11", "green", [ "v28.8", "h-9.5", "v76.8" ] ],
    [ "lcd1:D1", "esp:10", "green", [ "v38.4", "h-9.9" ] ],
    [ "lcd1:D2", "esp:8", "green", [ "v48", "h-9.8" ] ],
    [ "lcd1:D3", "esp:1", "green", [ "v57.6", "h-9.7" ] ],
    [ "lcd1:D4", "esp:0", "green", [ "v67.2", "h-9.6" ] ],
    [ "lcd1:D5", "esp:7", "green", [ "v76.8", "h-9.5" ] ],
    [ "lcd1:D6", "esp:6", "green", [ "v86.4", "h-9.4" ] ],
    [ "lcd1:D7", "esp:5", "green", [ "v96", "h-9.3" ] ],
    [ "esp:5V", "lcd1:VDD", "red", [ "v-28.8", "h-9.6" ] ],
    [ "esp:GND.1", "lcd1:VSS", "black", [ "v-19.2", "h-9.6" ] ],
    [ "esp:5V", "lcd1:A", "red", [ "v-28.8", "h115.2" ] ],
    [ "esp:GND.1", "lcd1:K", "black", [ "v-19.2", "h134.4" ] ]
  ],
  "dependencies": {}
}