{
  "version": 1,
  "author": "x_name41",
  "editor": "wokwi",
  "parts": [
    { "type": "wokwi-arduino-mega", "id": "mega", "top": 58.2, "left": 102, "attrs": {} },
    {
      "type": "wokwi-7segment",
      "id": "sevseg1",
      "top": -147.78,
      "left": 106.16,
      "attrs": { "digits": "2", "colon": "", "color": "yellow" }
    },
    {
      "type": "wokwi-7segment",
      "id": "sevseg2",
      "top": -147.78,
      "left": 202.16,
      "attrs": { "digits": "2", "colon": "", "color": "yellow" }
    },
    {
      "type": "wokwi-7segment",
      "id": "sevseg3",
      "top": -147.78,
      "left": 298.16,
      "attrs": { "digits": "2", "colon": "", "color": "yellow" }
    },
    {
      "type": "wokwi-pushbutton",
      "id": "btn1",
      "top": -124.9,
      "left": 560.3,
      "rotate": 90,
      "attrs": { "color": "black", "xray": "1", "bounce": "1" }
    },
    {
      "type": "wokwi-pushbutton",
      "id": "btn2",
      "top": 28.7,
      "left": 560.3,
      "rotate": 90,
      "attrs": { "color": "black", "xray": "1" }
    },
    {
      "type": "wokwi-pushbutton",
      "id": "btn3",
      "top": 182.3,
      "left": 560.3,
      "rotate": 90,
      "attrs": { "color": "black", "xray": "1" }
    },
    {
      "type": "wokwi-resistor",
      "id": "r1",
      "top": -187.2,
      "left": 556.25,
      "rotate": 90,
      "attrs": { "value": "10000" }
    },
    {
      "type": "wokwi-resistor",
      "id": "r2",
      "top": -24,
      "left": 556.25,
      "rotate": 90,
      "attrs": { "value": "10000" }
    },
    {
      "type": "wokwi-resistor",
      "id": "r3",
      "top": 120,
      "left": 556.25,
      "rotate": 90,
      "attrs": { "value": "10000" }
    },
    {
      "type": "wokwi-text",
      "id": "text1",
      "top": -115.2,
      "left": 624,
      "attrs": { "text": "SET" }
    },
    {
      "type": "wokwi-text",
      "id": "text2",
      "top": 38.4,
      "left": 624,
      "attrs": { "text": "PLUS [+]" }
    },
    {
      "type": "wokwi-text",
      "id": "text3",
      "top": 192,
      "left": 624,
      "attrs": { "text": "MINUS [-]" }
    },
    { "type": "wokwi-ds1307", "id": "rtc1", "top": 330.6, "left": 451.3, "attrs": {} }
  ],
  "connections": [
    [ "sevseg1:A", "mega:10", "green", [ "v-9.6", "h-38.4", "v144", "h163.2" ] ],
    [ "sevseg1:B", "mega:8", "green", [ "v-19.2", "h-48", "v153.6", "h183" ] ],
    [ "sevseg1:C", "mega:7", "green", [ "v66.36", "h163.2" ] ],
    [ "sevseg1:D", "mega:9", "green", [ "v66.36", "h105.6" ] ],
    [ "sevseg1:E", "mega:2", "green", [ "v66.36", "h9.6" ] ],
    [ "sevseg1:F", "mega:6", "green", [ "v-19.2", "h-76.8", "v153.6", "h211.2" ] ],
    [ "sevseg1:G", "mega:3", "green", [ "h0", "v66.36", "h153.6" ] ],
    [ "sevseg3:G", "sevseg2:G", "green", [ "h0", "v8.76", "h-96" ] ],
    [ "sevseg2:G", "sevseg1:G", "green", [ "h0", "v8.76", "h-86.4" ] ],
    [ "sevseg3:D", "sevseg2:D", "green", [ "v18.36", "h-86.4" ] ],
    [ "sevseg2:D", "sevseg1:D", "green", [ "v18.36", "h-96" ] ],
    [ "sevseg3:E", "sevseg2:E", "green", [ "v27.96", "h-86.4" ] ],
    [ "sevseg2:E", "sevseg1:E", "green", [ "v27.96", "h-86.4" ] ],
    [ "sevseg3:C", "sevseg2:C", "green", [ "v37.56", "h-86.4" ] ],
    [ "sevseg2:C", "sevseg1:C", "green", [ "v37.56", "h-86.4" ] ],
    [ "sevseg3:F", "sevseg2:F", "green", [ "v-19.2", "h-96" ] ],
    [ "sevseg2:F", "sevseg1:F", "green", [ "v-19.2", "h-86.4" ] ],
    [ "sevseg3:B", "sevseg2:B", "green", [ "v-28.8", "h-96", "v28.8" ] ],
    [ "sevseg2:B", "sevseg1:B", "green", [ "v-28.8", "h-96" ] ],
    [ "sevseg3:A", "sevseg2:A", "green", [ "v-38.4", "h-96" ] ],
    [ "sevseg2:A", "sevseg1:A", "green", [ "v-38.4", "h-96", "v38.4" ] ],
    [ "mega:23", "sevseg3:DIG1", "green", [ "v1.1", "h45.4", "v-297.6", "h-172.8" ] ],
    [ "mega:24", "sevseg2:DIG2", "green", [ "v0.95", "h45.8", "v-326.4", "h-230.4" ] ],
    [ "mega:25", "sevseg2:DIG1", "green", [ "v0.95", "h26.2", "v-336", "h-249.6" ] ],
    [ "mega:26", "sevseg1:DIG2", "green", [ "v1.05", "h17", "v-307.2", "h-307.2" ] ],
    [ "mega:27", "sevseg1:DIG1", "green", [ "v1.05", "h16.6", "v-297.6", "h-336" ] ],
    [ "mega:12", "btn1:2.l", "green", [ "v-38.4", "h220.8", "v-153.6" ] ],
    [ "r1:1", "r2:1", "green", [ "h-28.8", "v163.2" ] ],
    [ "r2:1", "r3:1", "green", [ "h-28.8", "v153.6" ] ],
    [ "btn2:1.r", "btn3:1.l", "green", [ "v96.2" ] ],
    [ "mega:13", "btn2:2.l", "green", [ "v-28.8", "h316.2", "v-19.2" ] ],
    [ "mega:14", "btn3:2.l", "green", [ "v-19.2", "h174.7", "v57.6" ] ],
    [ "btn1:1.r", "mega:GND.3", "green", [ "v9.8", "h144", "v345.6", "h-463.05" ] ],
    [ "btn2:1.l", "btn1:1.r", "green", [ "v0" ] ],
    [ "mega:22", "sevseg3:DIG2", "green", [ "v1.1", "h65", "v-307.2", "h-172.8" ] ],
    [ "mega:5V", "r1:1", "red", [ "v64.5", "h501.5", "v-528" ] ],
    [ "r1:2", "btn1:2.l", "green", [ "h0" ] ],
    [ "r2:2", "btn2:2.l", "green", [ "h0" ] ],
    [ "btn3:2.l", "r3:2", "green", [ "v0" ] ],
    [ "mega:20", "rtc1:SDA", "green", [ "v0" ] ],
    [ "mega:21", "rtc1:SCL", "green", [ "v0" ] ],
    [ "mega:GND.2", "rtc1:GND", "black", [ "v0" ] ],
    [ "mega:5V", "rtc1:5V", "red", [ "v0" ] ]
  ],
  "dependencies": {}
}